exp,variant,seed,outcome,contained,crashed,elapsed_s,max_contain_votes_seen,other_workload_isolated,reintegrated,target,ttf_s,tti_s
crash,alive2,6200,not_contained,False,AB,33.2,2,False,False,A,,
crash,alive2,6201,not_contained,False,CD,33.2,2,False,False,A,,
crash,alive2,6202,not_contained,False,AB,33.2,2,False,False,A,,
crash,alive2,6203,not_contained,False,BD,33.2,2,False,False,A,,
crash,alive2,6204,not_contained,False,AD,33.2,2,False,False,C,,
crash,alive2,6205,not_contained,False,CD,33.2,2,False,False,B,,
crash,alive2,6206,not_contained,False,AD,33.2,2,False,False,A,,
crash,alive2,6207,not_contained,False,AC,33.2,2,False,False,D,,
crash,alive2,6208,not_contained,False,AD,33.2,2,False,False,A,,
crash,alive2,6209,not_contained,False,AD,33.2,2,False,False,A,,
crash,alive2,6210,not_contained,False,AD,33.2,2,False,False,B,,
crash,alive2,6211,not_contained,False,BD,33.2,2,False,False,D,,
crash,alive2,6212,not_contained,False,AB,33.2,2,False,False,D,,
crash,alive2,6213,not_contained,False,BC,33.2,2,False,False,C,,
crash,alive2,6214,not_contained,False,CD,33.2,2,False,False,B,,
crash,alive2,6215,not_contained,False,CD,33.2,2,False,False,A,,
crash,alive2,6216,not_contained,False,AD,33.2,2,False,False,D,,
crash,alive2,6217,not_contained,False,CD,33.2,2,False,False,A,,
crash,alive2,6218,not_contained,False,BC,33.2,2,False,False,B,,
crash,alive2,6219,not_contained,False,BC,33.2,2,False,False,A,,
crash,alive3,6100,completed,True,D,22.2,0,False,True,B,19.004,1.556
crash,alive3,6101,completed,True,D,22.2,0,False,True,A,18.506,1.039
crash,alive3,6102,completed,True,C,22.7,0,False,True,A,19.504,1.541
crash,alive3,6103,completed,True,D,22.7,0,False,True,B,19.005,1.538
crash,alive3,6104,completed,True,A,25.7,0,False,True,C,22.008,3.002
crash,alive3,6105,completed,True,A,25.7,0,False,True,A,22.009,3.001
crash,alive3,6106,completed,True,B,22.2,0,False,True,A,18.507,1.503
crash,alive3,6107,completed,True,C,22.2,0,False,True,B,19.003,1.043
crash,alive3,6108,completed,True,A,25.2,0,False,True,C,21.508,3.001
crash,alive3,6109,completed,True,B,22.2,0,False,True,D,19.004,1.037
crash,alive3,6110,completed,True,D,22.7,0,False,True,A,19.007,1.537
crash,alive3,6111,completed,True,D,22.7,0,False,True,C,19.504,1.54
crash,alive3,6112,completed,True,D,22.7,0,False,True,A,19.505,1.501
crash,alive3,6113,completed,True,C,22.2,0,False,True,C,19.005,1.033
crash,alive3,6114,completed,True,A,25.2,0,False,True,A,21.508,2.501
crash,alive3,6115,completed,True,B,22.7,0,False,True,C,19.504,1.538
crash,alive3,6116,completed,True,B,22.2,0,False,True,D,19.004,1.037
crash,alive3,6117,completed,True,B,22.2,0,False,True,B,19.004,1.039
crash,alive3,6118,completed,True,A,25.7,0,False,True,D,22.008,3.001
crash,alive3,6119,completed,True,B,22.2,0,False,True,A,18.506,1.035
crash,alive4,6000,completed,True,,22.2,0,False,True,B,18.507,1.054
crash,alive4,6001,completed,True,,21.7,0,False,True,C,18.505,1.066
crash,alive4,6002,completed,True,,22.2,0,False,True,B,18.507,1.065
crash,alive4,6003,completed,True,,22.2,0,False,True,C,18.507,1.067
crash,alive4,6004,completed,True,,22.2,0,False,True,C,18.509,1.06
crash,alive4,6005,completed,True,,22.2,0,False,True,B,18.508,1.558
crash,alive4,6006,completed,True,,21.7,0,False,True,A,18.504,1.063
crash,alive4,6007,completed,True,,22.2,0,False,True,C,19.005,1.562
crash,alive4,6008,completed,True,,22.2,0,False,True,B,18.507,1.073
crash,alive4,6009,completed,True,,22.2,0,False,True,B,18.507,1.06
crash,alive4,6010,completed,True,,22.2,0,False,True,C,18.508,1.078
crash,alive4,6011,completed,True,,21.7,0,False,True,C,18.503,1.068
crash,alive4,6012,completed,True,,22.2,0,False,True,B,19.004,1.062
crash,alive4,6013,completed,True,,22.2,0,False,True,B,18.509,1.587
crash,alive4,6014,completed,True,,21.7,0,False,True,A,18.505,1.092
crash,alive4,6015,completed,True,,22.2,0,False,True,B,18.508,1.063
crash,alive4,6016,completed,True,,22.2,0,False,True,B,18.508,1.586
crash,alive4,6017,completed,True,,22.2,0,False,True,D,18.507,1.58
crash,alive4,6018,completed,True,,22.2,0,False,True,C,18.507,1.058
crash,alive4,6019,completed,True,,22.2,0,False,True,A,18.507,1.062
