exp,variant,seed,outcome,availability,benign_unavailable_s,contained,crashed,elapsed_s,false_isolation,liar,target,time_to_contain_s,victim,window_s
dvc,accuse-central,3100,completed,0.7937,33.0,,,41.1,True,,D,,C,40.0
dvc,accuse-central,3101,completed,0.7937,33.0,,,41.1,True,,D,,A,40.0
dvc,accuse-central,3102,completed,0.7937,33.0,,,41.1,True,,D,,C,40.0
dvc,accuse-central,3103,completed,0.7937,33.0,,,41.1,True,,D,,B,40.0
dvc,accuse-central,3104,completed,0.7906,33.5,,,41.1,True,,A,,D,40.0
dvc,accuse-central,3105,completed,0.7937,33.0,,,41.2,True,,D,,B,40.0
dvc,accuse-central,3106,completed,0.7937,33.0,,,41.1,True,,A,,B,40.0
dvc,accuse-central,3107,completed,0.7937,33.0,,,41.2,True,,B,,A,40.0
dvc,accuse-central,3108,completed,0.7969,32.5,,,41.1,True,,D,,B,40.0
dvc,accuse-central,3109,completed,0.7937,33.0,,,41.2,True,,B,,A,40.0
dvc,accuse-central,3110,completed,0.7937,33.0,,,41.1,True,,D,,A,40.0
dvc,accuse-central,3111,completed,0.7937,33.0,,,41.1,True,,D,,A,40.0
dvc,accuse-central,3112,completed,0.7969,32.5,,,41.1,True,,A,,C,40.0
dvc,accuse-central,3113,completed,0.7937,33.0,,,41.1,True,,A,,C,40.0
dvc,accuse-central,3114,completed,0.7937,33.0,,,41.1,True,,B,,C,40.0
dvc,accuse-central,3115,completed,0.7937,33.0,,,41.1,True,,D,,A,40.0
dvc,accuse-central,3116,completed,0.7937,33.0,,,41.2,True,,D,,B,40.0
dvc,accuse-central,3117,completed,0.7937,33.0,,,41.1,True,,D,,C,40.0
dvc,accuse-central,3118,completed,0.7937,33.0,,,41.1,True,,B,,D,40.0
dvc,accuse-central,3119,completed,0.7937,33.0,,,41.2,True,,A,,B,40.0
dvc,accuse-dist,3100,completed,1.0,0.0,,,42.2,False,A,D,,C,40.0
dvc,accuse-dist,3101,completed,1.0,0.0,,,42.2,False,D,D,,A,40.0
dvc,accuse-dist,3102,completed,1.0,0.0,,,42.2,False,B,D,,C,40.0
dvc,accuse-dist,3103,completed,1.0,0.0,,,42.2,False,A,D,,B,40.0
dvc,accuse-dist,3104,completed,1.0,0.0,,,42.2,False,B,A,,D,40.0
dvc,accuse-dist,3105,completed,1.0,0.0,,,42.2,False,A,D,,B,40.0
dvc,accuse-dist,3106,completed,1.0,0.0,,,42.2,False,D,A,,B,40.0
dvc,accuse-dist,3107,completed,1.0,0.0,,,42.2,False,C,B,,A,40.0
dvc,accuse-dist,3108,completed,1.0,0.0,,,42.2,False,C,D,,B,40.0
dvc,accuse-dist,3109,completed,1.0,0.0,,,42.2,False,C,B,,A,40.0
dvc,accuse-dist,3110,completed,1.0,0.0,,,42.2,False,C,D,,A,40.0
dvc,accuse-dist,3111,completed,1.0,0.0,,,42.2,False,C,D,,A,40.0
dvc,accuse-dist,3112,completed,1.0,0.0,,,42.2,False,B,A,,C,40.0
dvc,accuse-dist,3113,completed,1.0,0.0,,,42.2,False,B,A,,C,40.0
dvc,accuse-dist,3114,completed,1.0,0.0,,,42.2,False,D,B,,C,40.0
dvc,accuse-dist,3115,completed,1.0,0.0,,,42.2,False,C,D,,A,40.0
dvc,accuse-dist,3116,completed,1.0,0.0,,,42.2,False,C,D,,B,40.0
dvc,accuse-dist,3117,completed,1.0,0.0,,,42.2,False,A,D,,C,40.0
dvc,accuse-dist,3118,completed,1.0,0.0,,,42.2,False,A,B,,D,40.0
dvc,accuse-dist,3119,completed,1.0,0.0,,,42.2,False,C,A,,B,40.0
dvc,crash-central,3200,completed,1.0,0.0,False,,26.2,,,B,,,25.0
dvc,crash-central,3201,completed,1.0,0.0,False,,26.1,,,C,,,25.0
dvc,crash-central,3202,completed,1.0,0.0,False,,26.1,,,C,,,25.0
dvc,crash-central,3203,completed,1.0,0.0,False,,26.1,,,B,,,25.0
dvc,crash-central,3204,completed,1.0,0.0,False,,26.2,,,A,,,25.0
dvc,crash-central,3205,completed,1.0,0.0,False,,26.1,,,D,,,25.0
dvc,crash-central,3206,completed,1.0,0.0,False,,26.1,,,B,,,25.0
dvc,crash-central,3207,completed,1.0,0.0,False,,26.1,,,B,,,25.0
dvc,crash-central,3208,completed,1.0,0.0,False,,26.2,,,A,,,25.0
dvc,crash-central,3209,completed,1.0,0.0,False,,26.1,,,B,,,25.0
dvc,crash-central,3210,completed,1.0,0.0,False,,26.1,,,B,,,25.0
dvc,crash-central,3211,completed,1.0,0.0,False,,26.1,,,A,,,25.0
dvc,crash-central,3212,completed,1.0,0.0,False,,26.1,,,C,,,25.0
dvc,crash-central,3213,completed,1.0,0.0,False,,26.2,,,D,,,25.0
dvc,crash-central,3214,completed,1.0,0.0,False,,26.1,,,C,,,25.0
dvc,crash-central,3215,completed,1.0,0.0,False,,26.2,,,A,,,25.0
dvc,crash-central,3216,completed,1.0,0.0,False,,26.1,,,B,,,25.0
dvc,crash-central,3217,completed,1.0,0.0,False,,26.1,,,B,,,25.0
dvc,crash-central,3218,completed,1.0,0.0,False,,26.1,,,B,,,25.0
dvc,crash-central,3219,completed,1.0,0.0,False,,26.2,,,D,,,25.0
dvc,crash-dist,3200,completed,1.0,0.0,True,D,3.2,,,B,,,25.0
dvc,crash-dist,3201,completed,1.0,0.0,True,C,3.4,,,C,,,25.0
dvc,crash-dist,3202,completed,1.0,0.0,True,B,3.4,,,C,,,25.0
dvc,crash-dist,3203,completed,1.0,0.0,True,A,3.7,,,B,,,25.0
dvc,crash-dist,3204,completed,1.0,0.0,True,A,3.2,,,A,,,25.0
dvc,crash-dist,3205,completed,1.0,0.0,True,C,3.7,,,D,,,25.0
dvc,crash-dist,3206,completed,1.0,0.0,True,A,3.7,,,B,,,25.0
dvc,crash-dist,3207,completed,1.0,0.0,True,C,3.7,,,B,,,25.0
dvc,crash-dist,3208,completed,1.0,0.0,True,D,3.2,,,A,,,25.0
dvc,crash-dist,3209,completed,1.0,0.0,True,C,3.7,,,B,,,25.0
dvc,crash-dist,3210,completed,1.0,0.0,True,C,3.9,,,B,,,25.0
dvc,crash-dist,3211,completed,1.0,0.0,True,A,3.7,,,A,,,25.0
dvc,crash-dist,3212,completed,1.0,0.0,True,B,3.9,,,C,,,25.0
dvc,crash-dist,3213,completed,1.0,0.0,True,A,3.2,,,D,,,25.0
dvc,crash-dist,3214,completed,1.0,0.0,True,D,3.4,,,C,,,25.0
dvc,crash-dist,3215,completed,1.0,0.0,True,A,3.7,,,A,,,25.0
dvc,crash-dist,3216,completed,1.0,0.0,True,B,3.7,,,B,,,25.0
dvc,crash-dist,3217,completed,1.0,0.0,True,A,3.2,,,B,,,25.0
dvc,crash-dist,3218,completed,1.0,0.0,True,A,3.9,,,B,,,25.0
dvc,crash-dist,3219,completed,1.0,0.0,True,C,3.7,,,D,,,25.0
dvc,genuine-central,3000,completed,1.0,0.0,True,,41.1,,,B,0.5,,40.0
dvc,genuine-central,3001,completed,1.0,0.0,True,,41.2,,,C,0.5,,40.0
dvc,genuine-central,3002,completed,1.0,0.0,True,,41.1,,,B,0.5,,40.0
dvc,genuine-central,3003,completed,1.0,0.0,True,,41.1,,,D,0.5,,40.0
dvc,genuine-central,3004,completed,1.0,0.0,True,,41.2,,,D,0.5,,40.0
dvc,genuine-central,3005,completed,1.0,0.0,True,,41.1,,,A,0.5,,40.0
dvc,genuine-central,3006,completed,1.0,0.0,True,,41.1,,,A,0.5,,40.0
dvc,genuine-central,3007,completed,1.0,0.0,True,,41.1,,,C,0.5,,40.0
dvc,genuine-central,3008,completed,1.0,0.0,True,,41.1,,,C,0.5,,40.0
dvc,genuine-central,3009,completed,1.0,0.0,True,,41.1,,,D,0.5,,40.0
dvc,genuine-central,3010,completed,1.0,0.0,True,,41.1,,,C,0.5,,40.0
dvc,genuine-central,3011,completed,1.0,0.0,True,,41.1,,,B,0.5,,40.0
dvc,genuine-central,3012,completed,1.0,0.0,True,,41.1,,,C,0.5,,40.0
dvc,genuine-central,3013,completed,1.0,0.0,True,,41.1,,,D,0.5,,40.0
dvc,genuine-central,3014,completed,1.0,0.0,True,,41.1,,,A,0.5,,40.0
dvc,genuine-central,3015,completed,1.0,0.0,True,,41.1,,,C,0.5,,40.0
dvc,genuine-central,3016,completed,1.0,0.0,True,,41.1,,,C,0.5,,40.0
dvc,genuine-central,3017,completed,1.0,0.0,True,,41.1,,,D,0.5,,40.0
dvc,genuine-central,3018,completed,1.0,0.0,True,,41.1,,,D,0.76,,40.0
dvc,genuine-central,3019,completed,1.0,0.0,True,,41.1,,,C,0.5,,40.0
dvc,genuine-dist,3000,completed,1.0,0.0,True,,42.2,,,B,1.51,,40.0
dvc,genuine-dist,3001,completed,1.0,0.0,True,,42.2,,,C,1.51,,40.0
dvc,genuine-dist,3002,completed,1.0,0.0,True,,42.2,,,B,1.5,,40.0
dvc,genuine-dist,3003,completed,1.0,0.0,True,,42.2,,,D,1.25,,40.0
dvc,genuine-dist,3004,completed,1.0,0.0,True,,42.2,,,D,1.5,,40.0
dvc,genuine-dist,3005,completed,1.0,0.0,True,,42.2,,,A,1.5,,40.0
dvc,genuine-dist,3006,completed,1.0,0.0,True,,42.2,,,A,1.01,,40.0
dvc,genuine-dist,3007,completed,1.0,0.0,True,,42.2,,,C,1.26,,40.0
dvc,genuine-dist,3008,completed,1.0,0.0,True,,42.2,,,C,1.5,,40.0
dvc,genuine-dist,3009,completed,1.0,0.0,True,,42.2,,,D,1.51,,40.0
dvc,genuine-dist,3010,completed,1.0,0.0,True,,42.2,,,C,1.51,,40.0
dvc,genuine-dist,3011,completed,1.0,0.0,True,,42.2,,,B,1.25,,40.0
dvc,genuine-dist,3012,completed,1.0,0.0,True,,42.2,,,C,1.25,,40.0
dvc,genuine-dist,3013,completed,1.0,0.0,True,,42.2,,,D,1.01,,40.0
dvc,genuine-dist,3014,completed,1.0,0.0,True,,42.2,,,A,1.25,,40.0
dvc,genuine-dist,3015,completed,1.0,0.0,True,,42.2,,,C,1.75,,40.0
dvc,genuine-dist,3016,completed,1.0,0.0,True,,42.2,,,C,1.01,,40.0
dvc,genuine-dist,3017,completed,1.0,0.0,True,,42.2,,,D,1.51,,40.0
dvc,genuine-dist,3018,completed,1.0,0.0,True,,42.2,,,D,1.5,,40.0
dvc,genuine-dist,3019,completed,1.0,0.0,True,,42.2,,,C,1.5,,40.0
