exp,variant,seed,outcome,contained,elapsed_s,false_isolation,liars,liars_flagged,max_votes_seen,seer,silent,target,tti_s,victim
fault,accuse-k0,5000,completed,,18.2,False,,,,,,,,B
fault,accuse-k0,5001,completed,,18.2,False,,,,,,,,C
fault,accuse-k0,5002,completed,,18.2,False,,,,,,,,C
fault,accuse-k0,5003,completed,,18.2,False,,,,,,,,B
fault,accuse-k0,5004,completed,,18.2,False,,,,,,,,C
fault,accuse-k0,5005,completed,,18.2,False,,,,,,,,B
fault,accuse-k0,5006,completed,,18.2,False,,,,,,,,B
fault,accuse-k0,5007,completed,,18.2,False,,,,,,,,B
fault,accuse-k0,5008,completed,,18.2,False,,,,,,,,A
fault,accuse-k0,5009,completed,,18.2,False,,,,,,,,C
fault,accuse-k0,5010,completed,,18.2,False,,,,,,,,C
fault,accuse-k0,5011,completed,,18.2,False,,,,,,,,B
fault,accuse-k0,5012,completed,,18.2,False,,,,,,,,A
fault,accuse-k0,5013,completed,,18.2,False,,,,,,,,C
fault,accuse-k0,5014,completed,,18.2,False,,,,,,,,B
fault,accuse-k0,5015,completed,,18.2,False,,,,,,,,C
fault,accuse-k0,5016,completed,,18.2,False,,,,,,,,B
fault,accuse-k0,5017,completed,,18.2,False,,,,,,,,C
fault,accuse-k0,5018,completed,,18.2,False,,,,,,,,A
fault,accuse-k0,5019,completed,,18.2,False,,,,,,,,B
fault,accuse-k1,5100,completed,,18.2,False,B,False,,,,,,C
fault,accuse-k1,5101,completed,,18.2,False,C,False,,,,,,B
fault,accuse-k1,5102,completed,,18.2,False,A,False,,,,,,D
fault,accuse-k1,5103,completed,,18.2,False,D,False,,,,,,A
fault,accuse-k1,5104,completed,,18.2,False,D,False,,,,,,B
fault,accuse-k1,5105,completed,,18.2,False,B,False,,,,,,D
fault,accuse-k1,5106,completed,,18.2,False,D,False,,,,,,B
fault,accuse-k1,5107,completed,,18.2,False,D,False,,,,,,A
fault,accuse-k1,5108,completed,,18.2,False,B,False,,,,,,A
fault,accuse-k1,5109,completed,,18.2,False,D,False,,,,,,C
fault,accuse-k1,5110,completed,,18.2,False,C,False,,,,,,B
fault,accuse-k1,5111,completed,,18.2,False,B,False,,,,,,A
fault,accuse-k1,5112,completed,,18.2,False,B,False,,,,,,A
fault,accuse-k1,5113,completed,,18.2,False,D,False,,,,,,C
fault,accuse-k1,5114,completed,,18.2,False,B,False,,,,,,D
fault,accuse-k1,5115,completed,,18.2,False,A,False,,,,,,B
fault,accuse-k1,5116,completed,,18.2,False,B,False,,,,,,C
fault,accuse-k1,5117,completed,,18.2,False,D,False,,,,,,C
fault,accuse-k1,5118,completed,,18.2,False,C,False,,,,,,D
fault,accuse-k1,5119,completed,,18.2,False,D,False,,,,,,B
fault,accuse-k2,5200,completed,,18.2,False,AD,True,,,,,,B
fault,accuse-k2,5201,completed,,18.2,False,CD,True,,,,,,B
fault,accuse-k2,5202,completed,,18.2,False,BD,True,,,,,,A
fault,accuse-k2,5203,completed,,18.2,False,BC,True,,,,,,D
fault,accuse-k2,5204,completed,,18.2,False,AB,True,,,,,,D
fault,accuse-k2,5205,completed,,18.2,False,AD,True,,,,,,B
fault,accuse-k2,5206,completed,,18.2,False,AB,True,,,,,,D
fault,accuse-k2,5207,completed,,18.2,False,AD,True,,,,,,C
fault,accuse-k2,5208,completed,,18.2,False,AD,True,,,,,,C
fault,accuse-k2,5209,completed,,18.2,False,AC,True,,,,,,B
fault,accuse-k2,5210,completed,,18.2,False,CD,True,,,,,,A
fault,accuse-k2,5211,completed,,18.2,False,AC,True,,,,,,D
fault,accuse-k2,5212,completed,,18.2,False,BC,True,,,,,,D
fault,accuse-k2,5213,completed,,18.2,False,AB,True,,,,,,D
fault,accuse-k2,5214,completed,,18.2,False,AC,True,,,,,,B
fault,accuse-k2,5215,completed,,18.2,False,AB,True,,,,,,D
fault,accuse-k2,5216,completed,,18.2,False,AD,True,,,,,,C
fault,accuse-k2,5217,completed,,18.2,False,BC,True,,,,,,D
fault,accuse-k2,5218,completed,,18.2,False,CD,True,,,,,,A
fault,accuse-k2,5219,completed,,18.2,False,BD,True,,,,,,C
fault,accuse-k3,5300,completed,,18.2,True,ABC,False,,,,,,D
fault,accuse-k3,5301,completed,,18.2,True,ACD,False,,,,,,B
fault,accuse-k3,5302,completed,,18.2,True,BCD,False,,,,,,A
fault,accuse-k3,5303,completed,,18.2,True,BCD,False,,,,,,A
fault,accuse-k3,5304,completed,,18.2,True,ABC,False,,,,,,D
fault,accuse-k3,5305,completed,,18.2,True,ABD,False,,,,,,C
fault,accuse-k3,5306,completed,,18.2,True,ABD,False,,,,,,C
fault,accuse-k3,5307,completed,,18.2,True,ABC,False,,,,,,D
fault,accuse-k3,5308,completed,,18.2,True,ABC,False,,,,,,D
fault,accuse-k3,5309,completed,,18.2,True,BCD,False,,,,,,A
fault,accuse-k3,5310,completed,,18.2,True,ABD,False,,,,,,C
fault,accuse-k3,5311,completed,,18.2,True,ABD,False,,,,,,C
fault,accuse-k3,5312,completed,,18.2,True,ABC,False,,,,,,D
fault,accuse-k3,5313,completed,,18.2,True,BCD,False,,,,,,A
fault,accuse-k3,5314,completed,,18.2,True,BCD,False,,,,,,A
fault,accuse-k3,5315,completed,,18.2,True,ABD,False,,,,,,C
fault,accuse-k3,5316,completed,,18.2,True,ACD,False,,,,,,B
fault,accuse-k3,5317,completed,,18.2,True,ACD,False,,,,,,B
fault,accuse-k3,5318,completed,,18.2,True,ABC,False,,,,,,D
fault,accuse-k3,5319,completed,,18.2,True,BCD,False,,,,,,A
fault,deceived-k0,5700,completed,,22.2,False,,,,D,,,,B
fault,deceived-k0,5701,completed,,22.2,False,,,,C,,,,B
fault,deceived-k0,5702,completed,,22.2,False,,,,A,,,,A
fault,deceived-k0,5703,completed,,22.2,False,,,,A,,,,D
fault,deceived-k0,5704,completed,,22.2,False,,,,B,,,,D
fault,deceived-k0,5705,completed,,22.2,False,,,,B,,,,A
fault,deceived-k0,5706,completed,,22.2,False,,,,D,,,,B
fault,deceived-k0,5707,completed,,22.2,False,,,,B,,,,C
fault,deceived-k0,5708,completed,,22.2,False,,,,C,,,,C
fault,deceived-k0,5709,completed,,22.2,False,,,,B,,,,B
fault,deceived-k0,5710,completed,,22.2,False,,,,D,,,,A
fault,deceived-k0,5711,completed,,22.2,False,,,,B,,,,A
fault,deceived-k0,5712,completed,,22.2,False,,,,C,,,,C
fault,deceived-k0,5713,completed,,22.2,False,,,,C,,,,D
fault,deceived-k0,5714,completed,,22.2,False,,,,C,,,,B
fault,deceived-k0,5715,completed,,22.2,False,,,,D,,,,D
fault,deceived-k0,5716,completed,,22.2,False,,,,C,,,,A
fault,deceived-k0,5717,completed,,22.2,False,,,,B,,,,C
fault,deceived-k0,5718,completed,,22.2,False,,,,C,,,,B
fault,deceived-k0,5719,completed,,22.2,False,,,,A,,,,C
fault,deceived-k1,5800,completed,,22.2,False,B,,,C,,,,A
fault,deceived-k1,5801,completed,,22.2,False,C,,,D,,,,D
fault,deceived-k1,5802,completed,,22.2,False,D,,,A,,,,A
fault,deceived-k1,5803,completed,,22.2,False,B,,,A,,,,C
fault,deceived-k1,5804,completed,,22.2,False,A,,,B,,,,C
fault,deceived-k1,5805,completed,,22.2,False,C,,,A,,,,A
fault,deceived-k1,5806,completed,,22.2,False,A,,,C,,,,D
fault,deceived-k1,5807,completed,,22.2,False,A,,,D,,,,C
fault,deceived-k1,5808,completed,,22.2,False,B,,,D,,,,C
fault,deceived-k1,5809,completed,,22.2,False,A,,,C,,,,C
fault,deceived-k1,5810,completed,,22.2,False,C,,,A,,,,B
fault,deceived-k1,5811,completed,,22.2,False,C,,,A,,,,A
fault,deceived-k1,5812,completed,,22.2,False,A,,,C,,,,C
fault,deceived-k1,5813,completed,,22.2,False,A,,,D,,,,D
fault,deceived-k1,5814,completed,,22.2,False,B,,,D,,,,A
fault,deceived-k1,5815,completed,,22.2,False,D,,,B,,,,A
fault,deceived-k1,5816,completed,,22.2,False,D,,,A,,,,B
fault,deceived-k1,5817,completed,,22.2,False,B,,,C,,,,D
fault,deceived-k1,5818,completed,,22.2,False,C,,,D,,,,A
fault,deceived-k1,5819,completed,,22.2,False,A,,,D,,,,D
fault,deceived-k2,5900,completed,,23.5,True,AD,,,C,,,,C
fault,deceived-k2,5901,completed,,23.6,True,AB,,,C,,,,D
fault,deceived-k2,5902,completed,,23.6,True,AC,,,B,,,,B
fault,deceived-k2,5903,completed,,22.2,True,AD,,,B,,,,B
fault,deceived-k2,5904,completed,,22.2,True,BD,,,C,,,,C
fault,deceived-k2,5905,completed,,22.2,True,BD,,,A,,,,C
fault,deceived-k2,5906,completed,,22.2,True,BC,,,D,,,,A
fault,deceived-k2,5907,completed,,22.2,True,BD,,,A,,,,A
fault,deceived-k2,5908,completed,,22.2,True,AB,,,D,,,,D
fault,deceived-k2,5909,completed,,22.2,True,AB,,,C,,,,D
fault,deceived-k2,5910,completed,,22.2,True,BC,,,A,,,,D
fault,deceived-k2,5911,completed,,22.2,True,AC,,,D,,,,D
fault,deceived-k2,5912,completed,,22.2,True,CD,,,A,,,,B
fault,deceived-k2,5913,completed,,22.2,True,BD,,,C,,,,C
fault,deceived-k2,5914,completed,,22.2,True,AB,,,C,,,,C
fault,deceived-k2,5915,completed,,22.2,True,BC,,,A,,,,A
fault,deceived-k2,5916,completed,,22.2,True,AC,,,D,,,,B
fault,deceived-k2,5917,completed,,22.2,True,BD,,,C,,,,A
fault,deceived-k2,5918,completed,,22.2,True,AB,,,C,,,,C
fault,deceived-k2,5919,completed,,22.2,True,AC,,,B,,,,B
fault,silent-k0,5400,completed,True,3.7,,,,4,,,D,,
fault,silent-k0,5401,completed,True,3.2,,,,2,,,B,,
fault,silent-k0,5402,completed,True,3.2,,,,3,,,C,,
fault,silent-k0,5403,completed,True,3.4,,,,0,,,D,1.057,
fault,silent-k0,5404,completed,True,3.4,,,,0,,,A,1.07,
fault,silent-k0,5405,completed,True,3.4,,,,0,,,C,1.055,
fault,silent-k0,5406,completed,True,3.2,,,,4,,,B,,
fault,silent-k0,5407,completed,True,3.4,,,,0,,,B,1.061,
fault,silent-k0,5408,completed,True,3.4,,,,0,,,C,1.068,
fault,silent-k0,5409,completed,True,3.2,,,,0,,,D,,
fault,silent-k0,5410,completed,True,3.2,,,,3,,,B,,
fault,silent-k0,5411,completed,True,3.7,,,,4,,,A,,
fault,silent-k0,5412,completed,True,3.2,,,,3,,,C,,
fault,silent-k0,5413,completed,True,3.4,,,,0,,,A,1.063,
fault,silent-k0,5414,completed,True,3.4,,,,0,,,A,1.051,
fault,silent-k0,5415,completed,True,3.7,,,,4,,,B,,
fault,silent-k0,5416,completed,True,3.2,,,,4,,,D,,
fault,silent-k0,5417,completed,True,3.4,,,,0,,,A,1.056,
fault,silent-k0,5418,completed,True,3.2,,,,4,,,A,,
fault,silent-k0,5419,completed,True,3.2,,,,3,,,A,,
fault,silent-k1,5500,completed,True,3.7,,,,3,,B,B,,
fault,silent-k1,5501,completed,True,3.2,,,,2,,C,B,,
fault,silent-k1,5502,completed,True,3.7,,,,3,,B,B,,
fault,silent-k1,5503,completed,True,3.7,,,,3,,B,A,,
fault,silent-k1,5504,completed,True,3.7,,,,3,,A,B,,
fault,silent-k1,5505,completed,True,3.2,,,,2,,D,D,,
fault,silent-k1,5506,completed,True,3.7,,,,3,,A,A,,
fault,silent-k1,5507,completed,True,3.2,,,,3,,A,C,,
fault,silent-k1,5508,completed,True,3.7,,,,3,,B,A,,
fault,silent-k1,5509,completed,True,3.7,,,,3,,D,D,,
fault,silent-k1,5510,completed,True,3.4,,,,3,,C,D,,
fault,silent-k1,5511,completed,True,3.7,,,,3,,A,A,,
fault,silent-k1,5512,completed,True,3.7,,,,3,,D,C,,
fault,silent-k1,5513,completed,True,3.7,,,,3,,C,D,,
fault,silent-k1,5514,completed,True,3.7,,,,3,,D,D,,
fault,silent-k1,5515,completed,True,3.4,,,,3,,B,B,1.039,
fault,silent-k1,5516,completed,True,3.7,,,,3,,A,D,,
fault,silent-k1,5517,completed,True,3.9,,,,0,,D,D,1.54,
fault,silent-k1,5518,completed,True,3.4,,,,3,,D,A,1.035,
fault,silent-k1,5519,completed,True,3.7,,,,3,,B,C,,
fault,silent-k2,5600,not_contained,False,27.2,,,,2,,CD,A,,
fault,silent-k2,5601,not_contained,False,27.2,,,,2,,BC,D,,
fault,silent-k2,5602,not_contained,False,27.2,,,,2,,AD,C,,
fault,silent-k2,5603,not_contained,False,27.2,,,,2,,AD,D,,
fault,silent-k2,5604,not_contained,False,27.2,,,,2,,BD,C,,
fault,silent-k2,5605,not_contained,False,27.2,,,,2,,AC,A,,
fault,silent-k2,5606,not_contained,False,27.2,,,,2,,CD,B,,
fault,silent-k2,5607,not_contained,False,27.2,,,,2,,BC,C,,
fault,silent-k2,5608,not_contained,False,27.2,,,,2,,CD,D,,
fault,silent-k2,5609,not_contained,False,27.2,,,,2,,BC,C,,
fault,silent-k2,5610,not_contained,False,27.2,,,,2,,AB,C,,
fault,silent-k2,5611,not_contained,False,27.2,,,,2,,AC,B,,
fault,silent-k2,5612,not_contained,False,27.2,,,,2,,AB,A,,
fault,silent-k2,5613,not_contained,False,27.2,,,,2,,AC,A,,
fault,silent-k2,5614,not_contained,False,27.2,,,,2,,AD,D,,
fault,silent-k2,5615,not_contained,False,27.2,,,,2,,AD,A,,
fault,silent-k2,5616,not_contained,False,27.2,,,,2,,AB,D,,
fault,silent-k2,5617,not_contained,False,27.2,,,,2,,AB,A,,
fault,silent-k2,5618,not_contained,False,27.2,,,,2,,AC,D,,
fault,silent-k2,5619,not_contained,False,27.2,,,,2,,BD,C,,
