exp,variant,seed,outcome,decision_latency_s,duration,elapsed_s,first,human_review_flag,isolated,isolation_seconds,kinds,l0,later_s,level,malicious,observers,slope,target,ttd_s,window_s
investigation,ambiguous-off,4200,completed,,,20.2,,False,False,0.0,,,,10.41,False,AD,,B,0.497,18.0
investigation,ambiguous-off,4201,completed,,,20.2,,False,False,0.0,,,,9.42,False,BD,,D,0.498,18.0
investigation,ambiguous-off,4202,completed,,,20.2,,False,False,0.0,,,,9.95,False,CD,,B,0.499,18.0
investigation,ambiguous-off,4203,completed,,,20.2,,False,False,0.0,,,,9.35,False,BD,,D,0.498,18.0
investigation,ambiguous-off,4204,completed,,,20.2,,False,False,0.0,,,,10.43,False,AB,,D,0.497,18.0
investigation,ambiguous-off,4205,completed,,,20.2,,False,False,0.0,,,,9.59,False,AB,,A,0.497,18.0
investigation,ambiguous-off,4206,completed,,,20.2,,False,False,0.0,,,,10.16,False,BC,,B,0.498,18.0
investigation,ambiguous-off,4207,completed,,,20.2,,False,False,0.0,,,,9.58,False,AB,,B,0.498,18.0
investigation,ambiguous-off,4208,completed,,,20.2,,False,False,0.0,,,,10.06,False,BD,,D,0.498,18.0
investigation,ambiguous-off,4209,completed,,,20.2,,False,False,0.0,,,,9.76,False,AD,,C,0.0,18.0
investigation,ambiguous-off,4210,completed,,,20.2,,False,False,0.0,,,,9.59,False,BC,,B,0.498,18.0
investigation,ambiguous-off,4211,completed,,,20.2,,False,False,0.0,,,,9.35,False,AB,,D,0.497,18.0
investigation,ambiguous-off,4212,completed,,,20.2,,False,False,0.0,,,,9.0,False,CD,,D,0.499,18.0
investigation,ambiguous-off,4213,completed,,,20.2,,False,False,0.0,,,,9.1,False,AC,,D,0.497,18.0
investigation,ambiguous-off,4214,completed,,,20.2,,False,False,0.0,,,,9.91,False,AD,,A,0.497,18.0
investigation,ambiguous-off,4215,completed,,,20.2,,False,False,0.0,,,,10.34,False,BC,,B,0.498,18.0
investigation,ambiguous-off,4216,completed,,,20.2,,False,False,0.0,,,,10.27,False,BD,,B,0.498,18.0
investigation,ambiguous-off,4217,completed,,,20.2,,False,False,0.0,,,,9.19,False,BC,,C,0.498,18.0
investigation,ambiguous-off,4218,completed,,,20.2,,False,False,0.0,,,,9.75,False,AC,,B,0.498,18.0
investigation,ambiguous-off,4219,completed,,,20.2,,False,False,0.0,,,,9.98,False,AD,,A,0.497,18.0
investigation,ambiguous-on,4200,completed,,,20.2,,True,False,0.0,,,,10.41,False,AD,,B,0.497,18.0
investigation,ambiguous-on,4201,completed,,,20.2,,True,False,0.0,,,,9.42,False,BD,,D,0.498,18.0
investigation,ambiguous-on,4202,completed,,,20.2,,True,False,0.0,,,,9.95,False,CD,,B,0.499,18.0
investigation,ambiguous-on,4203,completed,,,20.2,,True,False,0.0,,,,9.35,False,BD,,D,0.498,18.0
investigation,ambiguous-on,4204,completed,,,20.2,,True,False,0.0,,,,10.43,False,AB,,D,0.498,18.0
investigation,ambiguous-on,4205,completed,,,20.2,,True,False,0.0,,,,9.59,False,AB,,A,0.497,18.0
investigation,ambiguous-on,4206,completed,,,20.2,,True,False,0.0,,,,10.16,False,BC,,B,0.498,18.0
investigation,ambiguous-on,4207,completed,,,20.2,,True,False,0.0,,,,9.58,False,AB,,B,0.497,18.0
investigation,ambiguous-on,4208,completed,,,20.2,,True,False,0.0,,,,10.06,False,BD,,D,0.498,18.0
investigation,ambiguous-on,4209,completed,,,20.2,,True,False,0.0,,,,9.76,False,AD,,C,0.496,18.0
investigation,ambiguous-on,4210,completed,,,20.2,,True,False,0.0,,,,9.59,False,BC,,B,0.498,18.0
investigation,ambiguous-on,4211,completed,,,20.2,,True,False,0.0,,,,9.35,False,AB,,D,0.496,18.0
investigation,ambiguous-on,4212,completed,,,20.2,,True,False,0.0,,,,9.0,False,CD,,D,0.0,18.0
investigation,ambiguous-on,4213,completed,,,20.2,,True,False,0.0,,,,9.1,False,AC,,D,0.498,18.0
investigation,ambiguous-on,4214,completed,,,20.2,,True,False,0.0,,,,9.91,False,AD,,A,0.498,18.0
investigation,ambiguous-on,4215,completed,,,20.2,,True,False,0.0,,,,10.34,False,BC,,B,0.498,18.0
investigation,ambiguous-on,4216,completed,,,20.2,,True,False,0.0,,,,10.27,False,BD,,B,0.498,18.0
investigation,ambiguous-on,4217,completed,,,20.2,,True,False,0.0,,,,9.19,False,BC,,C,0.498,18.0
investigation,ambiguous-on,4218,completed,,,20.2,,True,False,0.0,,,,9.75,False,AC,,B,0.498,18.0
investigation,ambiguous-on,4219,completed,,,20.2,,True,False,0.0,,,,9.98,False,AD,,A,0.497,18.0
investigation,genuine-off,4300,completed,1.534,,6.7,,False,True,3.0,tamper,,,,True,,,D,0.498,4.5
investigation,genuine-off,4301,completed,1.036,,6.2,,False,True,2.5,tamper,,,,True,,,C,0.497,4.0
investigation,genuine-off,4302,completed,1.503,,6.4,,False,True,2.5,tamper,,,,True,,,D,0.498,4.3
investigation,genuine-off,4303,completed,2.033,,7.2,,False,True,2.5,bruteforce,,,,True,,,C,0.998,5.0
investigation,genuine-off,4304,completed,1.551,,6.7,,False,True,3.0,bruteforce+exfil,,,,True,,,C,0.498,4.5
investigation,genuine-off,4305,completed,1.541,,6.7,,False,True,2.5,tamper,,,,True,,,D,0.497,4.5
investigation,genuine-off,4306,completed,1.553,,6.7,,False,True,2.5,bruteforce+exfil,,,,True,,,D,0.498,4.5
investigation,genuine-off,4307,completed,1.553,,6.7,,False,True,2.5,exfil+bruteforce,,,,True,,,D,0.498,4.5
investigation,genuine-off,4308,completed,1.562,,6.7,,False,True,3.0,bruteforce+exfil,,,,True,,,D,0.497,4.5
investigation,genuine-off,4309,completed,1.512,,6.4,,False,True,2.5,tamper,,,,True,,,D,0.498,4.3
investigation,genuine-off,4310,completed,1.054,,6.4,,False,True,3.0,tamper+exfil,,,,True,,,C,0.497,4.3
investigation,genuine-off,4311,completed,1.064,,6.4,,False,True,3.0,bruteforce+exfil+tamper,,,,True,,,C,0.498,4.3
investigation,genuine-off,4312,completed,1.5,,6.4,,False,True,2.5,tamper,,,,True,,,A,0.497,4.3
investigation,genuine-off,4313,completed,1.066,,6.2,,False,True,3.0,exfil+bruteforce+tamper,,,,True,,,B,0.497,4.0
investigation,genuine-off,4314,completed,1.05,,6.4,,False,True,3.0,tamper+exfil,,,,True,,,A,0.497,4.3
investigation,genuine-off,4315,completed,1.041,,6.2,,False,True,3.0,tamper,,,,True,,,B,0.498,4.0
investigation,genuine-off,4316,completed,2.005,,6.9,,False,True,2.5,bruteforce,,,,True,,,B,0.997,4.8
investigation,genuine-off,4317,completed,1.568,,6.7,,False,True,2.5,tamper+exfil+bruteforce,,,,True,,,B,0.498,4.5
investigation,genuine-off,4318,completed,1.069,,6.4,,False,True,3.0,tamper+bruteforce+exfil,,,,True,,,C,0.0,4.3
investigation,genuine-off,4319,completed,1.06,,6.4,,False,True,3.0,bruteforce+tamper+exfil,,,,True,,,B,0.498,4.3
investigation,genuine-on,4300,completed,1.539,,6.7,,False,True,3.0,tamper,,,,True,,,D,0.498,4.5
investigation,genuine-on,4301,completed,1.536,,6.7,,False,True,2.5,tamper,,,,True,,,C,0.497,4.5
investigation,genuine-on,4302,completed,1.509,,6.4,,False,True,2.5,tamper,,,,True,,,D,0.498,4.3
investigation,genuine-on,4303,completed,2.032,,7.2,,False,True,2.5,bruteforce,,,,True,,,C,0.998,5.0
investigation,genuine-on,4304,completed,1.547,,6.7,,False,True,2.5,bruteforce+exfil,,,,True,,,C,0.497,4.5
investigation,genuine-on,4305,completed,1.534,,6.7,,False,True,3.0,tamper,,,,True,,,D,0.497,4.5
investigation,genuine-on,4306,completed,1.545,,6.7,,False,True,3.0,bruteforce+exfil,,,,True,,,D,0.498,4.5
investigation,genuine-on,4307,completed,1.547,,6.7,,False,True,2.5,exfil+bruteforce,,,,True,,,D,0.497,4.5
investigation,genuine-on,4308,completed,1.065,,6.4,,False,True,3.0,bruteforce+exfil,,,,True,,,D,0.497,4.3
investigation,genuine-on,4309,completed,1.535,,6.7,,False,True,2.5,tamper,,,,True,,,D,0.498,4.5
investigation,genuine-on,4310,completed,1.057,,6.4,,False,True,3.0,tamper+exfil,,,,True,,,C,0.0,4.3
investigation,genuine-on,4311,completed,1.057,,6.2,,False,True,3.0,bruteforce+exfil+tamper,,,,True,,,C,0.497,4.0
investigation,genuine-on,4312,completed,1.038,,6.2,,False,True,3.0,tamper,,,,True,,,A,0.0,4.0
investigation,genuine-on,4313,completed,1.565,,6.7,,False,True,2.5,exfil+bruteforce+tamper,,,,True,,,B,0.498,4.5
investigation,genuine-on,4314,completed,1.555,,6.7,,False,True,3.0,tamper+exfil,,,,True,,,A,0.498,4.5
investigation,genuine-on,4315,completed,1.513,,6.4,,False,True,2.5,tamper,,,,True,,,B,0.497,4.3
investigation,genuine-on,4316,completed,2.03,,7.2,,False,True,3.0,bruteforce,,,,True,,,B,0.997,5.0
investigation,genuine-on,4317,completed,1.559,,6.9,,False,True,3.0,tamper+exfil+bruteforce,,,,True,,,B,0.498,4.8
investigation,genuine-on,4318,completed,1.059,,6.4,,False,True,3.0,tamper+bruteforce+exfil,,,,True,,,C,0.497,4.3
investigation,genuine-on,4319,completed,1.074,,6.4,,False,True,3.0,bruteforce+tamper+exfil,,,,True,,,B,0.497,4.3
investigation,slow-burn-off,4100,completed,15.557,,20.7,BC,False,True,3.0,,9.62,3.9,,True,,0.163,C,0.498,18.5
investigation,slow-burn-off,4101,completed,25.559,,30.7,BD,False,True,3.0,,8.61,6.0,,True,,0.136,B,2.999,28.5
investigation,slow-burn-off,4102,completed,23.566,,28.7,CD,False,True,3.0,,9.09,4.6,,True,,0.127,B,0.499,26.5
investigation,slow-burn-off,4103,completed,28.532,,33.5,BC,False,True,3.0,,8.78,4.5,,True,,0.115,D,1.999,31.3
investigation,slow-burn-off,4104,completed,8.011,,12.9,CD,False,True,3.0,,9.97,3.7,,True,,0.293,A,0.499,10.8
investigation,slow-burn-off,4105,completed,11.51,,16.2,BC,False,True,3.0,,9.24,4.8,,True,,0.331,A,0.498,14.0
investigation,slow-burn-off,4106,completed,7.539,,12.7,AD,False,True,2.5,,10.17,4.3,,True,,0.323,C,0.498,10.5
investigation,slow-burn-off,4107,completed,9.507,,14.4,AD,False,True,3.0,,9.88,4.8,,True,,0.34,C,0.498,12.3
investigation,slow-burn-off,4108,completed,13.042,,18.2,AB,False,True,3.0,,10.45,5.1,,True,,0.128,D,0.498,16.0
investigation,slow-burn-off,4109,completed,19.036,,24.2,BD,False,True,3.0,,8.84,5.9,,True,,0.178,C,0.999,22.0
investigation,slow-burn-off,4110,completed,30.014,,34.7,AD,False,True,3.0,,8.77,6.9,,True,,0.143,D,1.998,32.5
investigation,slow-burn-off,4111,completed,25.512,,30.4,AC,False,True,3.0,,9.51,4.3,,True,,0.101,D,0.497,28.3
investigation,slow-burn-off,4112,completed,10.055,,15.2,AB,False,True,2.5,,9.25,3.6,,True,,0.313,C,0.497,13.0
investigation,slow-burn-off,4113,completed,19.059,,24.2,CD,False,True,3.0,,8.77,4.2,,True,,0.178,A,1.499,22.0
investigation,slow-burn-off,4114,completed,19.51,,24.2,AD,False,True,3.0,,8.7,5.9,,True,,0.231,A,1.498,22.0
investigation,slow-burn-off,4115,completed,12.513,,17.2,AB,False,True,3.0,,10.1,5.2,,True,,0.169,B,0.498,15.0
investigation,slow-burn-off,4116,completed,13.515,,18.2,AB,False,True,2.5,,10.3,7.5,,True,,0.313,B,0.497,16.0
investigation,slow-burn-off,4117,completed,7.552,,12.7,AD,False,True,3.0,,9.99,3.3,,True,,0.306,B,0.497,10.5
investigation,slow-burn-off,4118,completed,29.515,,34.2,AC,False,True,3.0,,8.52,7.4,,True,,0.164,C,2.998,32.0
investigation,slow-burn-off,4119,completed,15.046,,20.2,BC,False,True,3.0,,9.93,7.2,,True,,0.279,A,0.498,18.0
investigation,slow-burn-on,4100,completed,6.507,,11.4,BC,False,True,2.5,,9.62,3.9,,True,,0.163,C,0.498,9.3
investigation,slow-burn-on,4101,completed,19.038,,23.7,BD,False,True,2.5,,8.61,6.0,,True,,0.136,B,2.999,21.5
investigation,slow-burn-on,4102,completed,7.541,,12.7,CD,False,True,3.0,,9.09,4.6,,True,,0.127,B,0.499,10.5
investigation,slow-burn-on,4103,completed,10.005,,14.7,BC,False,True,2.5,,8.78,4.5,,True,,0.115,D,1.999,12.5
investigation,slow-burn-on,4104,completed,6.535,,11.7,CD,False,True,3.0,,9.97,3.7,,True,,0.293,A,0.499,9.5
investigation,slow-burn-on,4105,completed,8.509,,13.2,BC,False,True,2.5,,9.24,4.8,,True,,0.331,A,0.499,11.0
investigation,slow-burn-on,4106,completed,6.533,,11.7,AD,False,True,3.0,,10.17,4.3,,True,,0.323,C,0.497,9.5
investigation,slow-burn-on,4107,completed,7.532,,12.7,AD,False,True,3.0,,9.88,4.8,,True,,0.34,C,0.497,10.5
investigation,slow-burn-on,4108,completed,8.53,,13.7,AB,False,True,2.5,,10.45,5.1,,True,,0.128,D,0.498,11.5
investigation,slow-burn-on,4109,completed,18.512,,23.2,BD,False,True,3.0,,8.84,5.9,,True,,0.178,C,0.998,21.0
investigation,slow-burn-on,4110,completed,23.514,,28.2,AD,False,True,2.5,,8.77,6.9,,True,,0.143,D,1.998,26.0
investigation,slow-burn-on,4111,completed,6.536,,11.7,AC,False,True,2.5,,9.51,4.3,,True,,0.101,D,0.498,9.5
investigation,slow-burn-on,4112,completed,6.533,,11.7,AB,False,True,2.5,,9.25,3.6,,True,,0.313,C,0.497,9.5
investigation,slow-burn-on,4113,completed,8.512,,13.2,CD,False,True,3.0,,8.77,4.2,,True,,0.178,A,1.499,11.0
investigation,slow-burn-on,4114,completed,14.539,,19.7,AD,False,True,2.5,,8.7,5.9,,True,,0.231,A,1.498,17.5
investigation,slow-burn-on,4115,completed,8.536,,13.7,AB,False,True,3.0,,10.1,5.2,,True,,0.169,B,0.498,11.5
investigation,slow-burn-on,4116,completed,10.507,,15.2,AB,False,True,2.5,,10.3,7.5,,True,,0.313,B,0.497,13.0
investigation,slow-burn-on,4117,completed,6.504,,11.2,AD,False,True,3.0,,9.99,3.3,,True,,0.306,B,0.497,9.0
investigation,slow-burn-on,4118,completed,23.512,,28.2,AC,False,True,2.5,,8.52,7.4,,True,,0.164,C,2.998,26.0
investigation,slow-burn-on,4119,completed,12.029,,16.7,BC,False,True,2.0,,9.93,7.2,,True,,0.279,A,0.498,14.5
investigation,transient-off,4000,completed,1.511,3.14,20.2,,False,True,16.0,,,,42.8,False,ACD,,D,0.0,18.0
investigation,transient-off,4001,completed,,2.75,20.2,,False,False,0.0,,,,42.2,False,AD,,D,0.498,18.0
investigation,transient-off,4002,completed,1.528,3.36,20.2,,False,True,16.0,,,,51.4,False,ACD,,D,0.498,18.0
investigation,transient-off,4003,completed,,3.65,20.2,,False,False,0.0,,,,54.5,False,AB,,B,0.497,18.0
investigation,transient-off,4004,completed,,1.63,20.2,,False,False,0.0,,,,56.3,False,CD,,D,0.499,18.0
investigation,transient-off,4005,completed,,2.93,20.2,,False,False,0.0,,,,35.6,False,B,,B,0.498,18.0
investigation,transient-off,4006,completed,,3.02,20.2,,False,False,0.0,,,,28.2,False,BC,,B,0.498,18.0
investigation,transient-off,4007,completed,,1.64,20.2,,False,False,0.0,,,,38.7,False,AB,,B,0.498,18.0
investigation,transient-off,4008,completed,,2.64,20.2,,False,False,0.0,,,,26.5,False,AC,,A,0.497,18.0
investigation,transient-off,4009,completed,,4.0,20.2,,False,False,0.0,,,,54.3,False,A,,D,0.498,18.0
investigation,transient-off,4010,completed,,3.92,20.2,,False,False,0.0,,,,57.9,False,CD,,B,0.499,18.0
investigation,transient-off,4011,completed,1.531,3.56,20.2,,False,True,16.0,,,,47.0,False,ABD,,A,0.498,18.0
investigation,transient-off,4012,completed,,3.98,20.2,,False,False,0.0,,,,27.6,False,AB,,B,0.498,18.0
investigation,transient-off,4013,completed,,3.19,20.2,,False,False,0.0,,,,35.2,False,BD,,A,0.499,18.0
investigation,transient-off,4014,completed,,3.62,20.2,,False,False,0.0,,,,59.4,False,BD,,D,0.498,18.0
investigation,transient-off,4015,completed,,2.5,20.2,,False,False,0.0,,,,54.6,False,AD,,D,0.497,18.0
investigation,transient-off,4016,completed,,3.63,20.2,,False,False,0.0,,,,32.8,False,BC,,B,0.498,18.0
investigation,transient-off,4017,completed,,3.44,20.2,,False,False,0.0,,,,27.6,False,AD,,C,0.497,18.0
investigation,transient-off,4018,completed,,2.89,20.2,,False,False,0.0,,,,51.4,False,D,,D,0.499,18.0
investigation,transient-off,4019,completed,1.511,3.36,20.2,,False,True,16.0,,,,40.5,False,ACD,,C,0.0,18.0
investigation,transient-on,4000,completed,1.526,3.14,20.2,,False,True,16.0,,,,42.8,False,ACD,,D,0.498,18.0
investigation,transient-on,4001,completed,,2.75,20.2,,False,False,0.0,,,,42.2,False,AD,,D,0.497,18.0
investigation,transient-on,4002,completed,1.526,3.36,20.2,,False,True,16.0,,,,51.4,False,ACD,,D,0.498,18.0
investigation,transient-on,4003,completed,,3.65,20.2,,False,False,0.0,,,,54.5,False,AB,,B,0.497,18.0
investigation,transient-on,4004,completed,,1.63,20.2,,False,False,0.0,,,,56.3,False,CD,,D,0.499,18.0
investigation,transient-on,4005,completed,,2.93,20.2,,False,False,0.0,,,,35.6,False,B,,B,0.498,18.0
investigation,transient-on,4006,completed,,3.02,20.2,,False,False,0.0,,,,28.2,False,BC,,B,0.498,18.0
investigation,transient-on,4007,completed,,1.64,20.2,,False,False,0.0,,,,38.7,False,AB,,B,0.497,18.0
investigation,transient-on,4008,completed,,2.64,20.2,,False,False,0.0,,,,26.5,False,AC,,A,0.497,18.0
investigation,transient-on,4009,completed,,4.0,20.2,,False,False,0.0,,,,54.3,False,A,,D,0.498,18.0
investigation,transient-on,4010,completed,,3.92,20.2,,False,False,0.0,,,,57.9,False,CD,,B,0.499,18.0
investigation,transient-on,4011,completed,1.523,3.56,20.2,,False,True,16.0,,,,47.0,False,ABD,,A,0.498,18.0
investigation,transient-on,4012,completed,,3.98,20.2,,False,False,0.0,,,,27.6,False,AB,,B,0.498,18.0
investigation,transient-on,4013,completed,,3.19,20.2,,False,False,0.0,,,,35.2,False,BD,,A,0.498,18.0
investigation,transient-on,4014,completed,,3.62,20.2,,False,False,0.0,,,,59.4,False,BD,,D,0.498,18.0
investigation,transient-on,4015,completed,,2.5,20.2,,False,False,0.0,,,,54.6,False,AD,,D,0.498,18.0
investigation,transient-on,4016,completed,,3.63,20.2,,False,False,0.0,,,,32.8,False,BC,,B,0.498,18.0
investigation,transient-on,4017,completed,,3.44,20.2,,False,False,0.0,,,,27.6,False,AD,,C,0.498,18.0
investigation,transient-on,4018,completed,,2.89,20.2,,False,False,0.0,,,,51.4,False,D,,D,0.5,18.0
investigation,transient-on,4019,completed,1.526,3.36,20.2,,False,True,16.0,,,,40.5,False,ACD,,C,0.497,18.0
