exp,variant,seed,outcome,alarm,benign_kind,duration,elapsed_s,isolated,kinds,level,observers,target,ttd_s,tti_s
mixed,benign,7100,completed,True,blip,5.76,20.2,False,,15.2,A,D,0.498,
mixed,benign,7101,completed,True,blip,3.59,20.2,True,,17.6,ABCD,C,0.0,1.033
mixed,benign,7102,completed,True,blip,4.03,20.2,True,,35.4,ABD,B,0.0,1.51
mixed,benign,7103,completed,True,burst,11.04,20.2,True,,11.6,ABCD,C,0.0,6.512
mixed,benign,7104,completed,True,burst,9.37,20.2,True,,14.1,ABCD,D,0.498,1.038
mixed,benign,7105,completed,True,blip,1.84,20.2,False,,30.0,CD,D,0.0,
mixed,benign,7106,completed,True,blip,2.46,20.2,True,,15.6,ABCD,C,0.0,1.037
mixed,benign,7107,completed,True,burst,11.74,20.2,True,,15.0,ABCD,A,0.0,1.035
mixed,benign,7108,completed,True,blip,2.03,20.2,False,,11.9,ABCD,C,0.0,
mixed,benign,7109,completed,True,burst,8.89,20.2,True,,10.1,ABCD,A,0.0,6.503
mixed,benign,7110,completed,True,burst,10.03,20.2,True,,11.0,ABCD,B,0.0,6.506
mixed,benign,7111,completed,True,blip,3.23,20.2,False,,10.8,AB,D,0.498,
mixed,benign,7112,completed,True,blip,2.97,20.2,False,,26.8,B,D,0.499,
mixed,benign,7113,completed,True,burst,11.86,20.2,True,,11.5,ABCD,B,0.0,6.531
mixed,benign,7114,completed,True,blip,2.86,20.2,False,,10.2,ACD,B,0.0,
mixed,benign,7115,completed,True,burst,8.73,20.2,True,,9.3,ABCD,B,0.0,6.011
mixed,benign,7116,completed,True,burst,11.38,20.2,True,,11.8,ABCD,B,0.0,6.508
mixed,benign,7117,completed,True,blip,5.09,20.2,False,,26.5,BD,A,0.0,
mixed,benign,7118,completed,True,blip,5.07,20.2,False,,22.4,AC,C,0.0,
mixed,benign,7119,completed,False,blip,2.47,20.2,False,,7.0,A,C,,
mixed,benign,7120,completed,True,blip,5.11,20.2,False,,9.8,ABCD,B,0.0,
mixed,benign,7121,completed,True,blip,5.85,20.2,False,,21.0,AC,B,0.498,
mixed,benign,7122,completed,True,blip,4.98,20.2,False,,25.6,AC,D,0.498,
mixed,benign,7123,completed,True,blip,4.75,20.2,False,,22.6,AD,D,0.0,
mixed,benign,7124,completed,True,burst,8.7,20.2,True,,10.1,ABCD,C,0.0,6.531
mixed,benign,7125,completed,True,blip,5.22,20.2,True,,13.1,ABD,B,0.0,1.509
mixed,benign,7126,completed,True,blip,4.8,20.2,True,,27.4,ABCD,C,0.497,1.532
mixed,benign,7127,completed,True,blip,5.58,20.2,False,,12.4,B,B,0.499,
mixed,benign,7128,completed,True,blip,4.16,20.2,True,,19.4,ABD,A,0.0,1.51
mixed,benign,7129,completed,True,blip,5.68,20.2,False,,17.4,B,A,0.499,
mixed,genuine,7000,completed,True,,,3.2,True,tamper,,,C,0.0,
mixed,genuine,7001,completed,True,,,3.2,True,tamper+bruteforce+exfil,,,A,0.0,
mixed,genuine,7002,completed,True,,,4.2,True,bruteforce,,,A,0.998,
mixed,genuine,7003,completed,True,,,3.2,True,tamper+exfil+bruteforce,,,A,0.0,
mixed,genuine,7004,completed,True,,,3.7,True,exfil+bruteforce+tamper,,,B,0.498,
mixed,genuine,7005,completed,True,,,3.2,True,tamper+exfil+bruteforce,,,D,0.0,
mixed,genuine,7006,completed,True,,,3.7,True,tamper,,,C,0.498,
mixed,genuine,7007,completed,True,,,3.2,True,bruteforce+exfil,,,C,0.0,
mixed,genuine,7008,completed,True,,,3.2,True,tamper+bruteforce+exfil,,,C,0.0,
mixed,genuine,7009,completed,True,,,3.2,True,bruteforce+tamper,,,C,0.0,
mixed,genuine,7010,completed,True,,,3.2,True,tamper+bruteforce+exfil,,,A,0.0,
mixed,genuine,7011,completed,True,,,3.4,True,exfil+bruteforce+tamper,,,C,0.0,1.061
mixed,genuine,7012,completed,True,,,4.2,True,bruteforce,,,D,0.998,
mixed,genuine,7013,completed,True,,,3.2,True,bruteforce+exfil,,,A,0.0,
mixed,genuine,7014,completed,True,,,3.4,True,exfil,,,A,0.0,1.045
mixed,genuine,7015,completed,True,,,3.4,True,exfil+tamper+bruteforce,,,B,0.0,1.057
mixed,genuine,7016,completed,True,,,3.2,True,exfil,,,A,0.0,
mixed,genuine,7017,completed,True,,,3.9,True,bruteforce,,,D,0.998,
mixed,genuine,7018,completed,True,,,3.2,True,exfil+bruteforce+tamper,,,C,0.0,
mixed,genuine,7019,completed,True,,,3.7,True,bruteforce+tamper,,,A,0.498,
mixed,genuine,7020,completed,True,,,3.2,True,exfil,,,A,0.0,
mixed,genuine,7021,completed,True,,,3.2,True,bruteforce+exfil,,,D,0.0,
mixed,genuine,7022,completed,True,,,3.2,True,bruteforce+exfil,,,A,0.0,
mixed,genuine,7023,completed,True,,,3.4,True,tamper+exfil+bruteforce,,,C,0.516,1.094
mixed,genuine,7024,completed,True,,,4.2,True,bruteforce,,,D,0.998,
mixed,genuine,7025,completed,True,,,3.2,True,exfil,,,B,0.0,
mixed,genuine,7026,completed,True,,,3.7,True,bruteforce+tamper,,,C,0.498,
mixed,genuine,7027,completed,True,,,3.2,True,bruteforce+exfil+tamper,,,D,0.0,
mixed,genuine,7028,completed,True,,,3.2,True,tamper,,,D,0.0,
mixed,genuine,7029,completed,True,,,3.2,True,bruteforce+exfil,,,C,0.0,
