exp,variant,seed,outcome,cpu_percent_of_one_core_per_unit,elapsed_s,peak_rss_mb,rss_added_mb_per_unit,rss_start_mb,rss_total_mb,units
overhead,attack,8100,completed,1.05,17.2,66.7,4.2,49.7,66.7,4
overhead,attack,8101,completed,0.89,17.2,66.6,4.3,49.6,66.6,4
overhead,attack,8102,completed,0.91,17.2,66.4,4.2,49.6,66.4,4
overhead,attack,8103,completed,1.09,17.2,66.8,4.3,49.5,66.8,4
overhead,attack,8104,completed,0.88,17.2,66.6,4.2,49.7,66.6,4
overhead,attack,8105,completed,0.92,17.2,66.3,4.2,49.5,66.3,4
overhead,attack,8106,completed,0.91,17.2,66.5,4.2,49.6,66.5,4
overhead,attack,8107,completed,0.98,17.2,66.7,4.3,49.6,66.7,4
overhead,attack,8108,completed,0.95,17.2,66.7,4.3,49.6,66.7,4
overhead,attack,8109,completed,1.05,17.2,67.1,4.4,49.7,67.1,4
overhead,attack,8110,completed,1.01,17.2,66.6,4.2,49.6,66.6,4
overhead,attack,8111,completed,1.01,17.2,66.9,4.3,49.6,66.9,4
overhead,attack,8112,completed,0.92,17.2,66.4,4.2,49.5,66.4,4
overhead,attack,8113,completed,1.11,17.2,66.9,4.3,49.6,66.9,4
overhead,attack,8114,completed,0.89,17.2,66.5,4.2,49.7,66.5,4
overhead,attack,8115,completed,1.14,17.2,66.8,4.3,49.5,66.8,4
overhead,attack,8116,completed,0.97,17.2,66.7,4.3,49.6,66.7,4
overhead,attack,8117,completed,0.96,17.2,66.5,4.2,49.5,66.5,4
overhead,attack,8118,completed,1.02,17.2,66.8,4.3,49.6,66.8,4
overhead,attack,8119,completed,0.91,17.2,66.4,4.2,49.5,66.4,4
overhead,central-idle,8200,completed,0.07,11.1,49.7,0.2,49.5,49.7,1
overhead,central-idle,8201,completed,0.06,11.1,49.7,0.2,49.5,49.7,1
overhead,central-idle,8202,completed,0.06,11.1,49.8,0.2,49.6,49.8,1
overhead,central-idle,8203,completed,0.07,11.1,49.8,0.2,49.6,49.8,1
overhead,central-idle,8204,completed,0.07,11.1,49.8,0.2,49.6,49.8,1
overhead,central-idle,8205,completed,0.06,11.1,49.9,0.2,49.7,49.9,1
overhead,central-idle,8206,completed,0.07,11.1,49.8,0.2,49.6,49.8,1
overhead,central-idle,8207,completed,0.06,11.1,49.7,0.2,49.5,49.7,1
overhead,central-idle,8208,completed,0.06,11.1,49.8,0.2,49.6,49.8,1
overhead,central-idle,8209,completed,0.07,11.1,49.8,0.2,49.6,49.8,1
overhead,central-idle,8210,completed,0.06,11.1,49.7,0.2,49.5,49.7,1
overhead,central-idle,8211,completed,0.06,11.1,49.8,0.2,49.6,49.8,1
overhead,central-idle,8212,completed,0.07,11.1,49.7,0.2,49.5,49.7,1
overhead,central-idle,8213,completed,0.06,11.1,49.9,0.2,49.7,49.9,1
overhead,central-idle,8214,completed,0.06,11.1,49.7,0.2,49.5,49.7,1
overhead,central-idle,8215,completed,0.06,11.2,49.9,0.2,49.7,49.9,1
overhead,central-idle,8216,completed,0.07,11.1,49.9,0.2,49.7,49.9,1
overhead,central-idle,8217,completed,0.07,11.1,49.7,0.2,49.5,49.7,1
overhead,central-idle,8218,completed,0.06,11.1,49.8,0.2,49.6,49.8,1
overhead,central-idle,8219,completed,0.07,11.1,49.8,0.2,49.6,49.8,1
overhead,idle,8000,completed,0.13,13.2,58.8,2.3,49.7,58.8,4
overhead,idle,8001,completed,0.11,13.2,58.8,2.3,49.6,58.8,4
overhead,idle,8002,completed,0.12,13.2,58.8,2.3,49.7,58.8,4
overhead,idle,8003,completed,0.12,13.2,58.8,2.3,49.6,58.8,4
overhead,idle,8004,completed,0.12,13.2,58.8,2.3,49.7,58.8,4
overhead,idle,8005,completed,0.12,13.2,58.6,2.3,49.5,58.6,4
overhead,idle,8006,completed,0.12,13.2,58.7,2.3,49.6,58.7,4
overhead,idle,8007,completed,0.12,13.2,58.7,2.3,49.6,58.7,4
overhead,idle,8008,completed,0.13,13.2,58.8,2.3,49.7,58.8,4
overhead,idle,8009,completed,0.12,13.2,58.7,2.3,49.6,58.7,4
overhead,idle,8010,completed,0.12,13.2,58.7,2.3,49.5,58.7,4
overhead,idle,8011,completed,0.12,13.2,58.7,2.3,49.6,58.7,4
overhead,idle,8012,completed,0.12,13.2,58.7,2.3,49.6,58.7,4
overhead,idle,8013,completed,0.14,13.2,58.7,2.3,49.5,58.7,4
overhead,idle,8014,completed,0.13,13.2,58.7,2.3,49.6,58.7,4
overhead,idle,8015,completed,0.12,13.2,58.8,2.3,49.6,58.8,4
overhead,idle,8016,completed,0.12,13.2,58.7,2.3,49.6,58.7,4
overhead,idle,8017,completed,0.12,13.2,58.6,2.3,49.5,58.6,4
overhead,idle,8018,completed,0.13,13.2,58.7,2.3,49.6,58.7,4
overhead,idle,8019,completed,0.12,13.2,58.8,2.3,49.7,58.8,4
