exp,variant,seed,outcome,attempts,contained,delay_s,elapsed_s,first,human_review,kinds,l0,later_s,reintegrated,slope,target,ttd_s,ttf_s,tti_s,ttr_s,ttv_s
scenario,app-compromise,1000,completed,1,True,2.01,23.2,,False,exfil+tamper+bruteforce,,,True,,D,0.489,18.995,1.552,3.99,4.99
scenario,app-compromise,1001,completed,1,True,2.28,23.2,,False,exfil+tamper+bruteforce,,,True,,A,0.217,18.227,0.81,3.218,4.218
scenario,app-compromise,1002,completed,1,True,2.7,23.9,,False,exfil+tamper+bruteforce,,,True,,D,0.301,18.826,0.864,3.302,4.303
scenario,app-compromise,1003,completed,1,True,1.68,23.4,,False,exfil+tamper+bruteforce,,,True,,D,0.322,18.831,1.385,3.823,4.823
scenario,app-compromise,1004,completed,1,True,0.32,20.3,,False,exfil+tamper+bruteforce,,,True,,D,0.179,17.189,0.744,3.18,3.687
scenario,app-compromise,1005,completed,1,True,2.37,23.3,,False,exfil+tamper+bruteforce,,,True,,D,0.13,18.14,1.197,3.632,4.145
scenario,app-compromise,1006,completed,1,True,0.17,21.3,,False,exfil+tamper+bruteforce,,,True,,C,0.331,18.34,1.405,3.832,4.832
scenario,app-compromise,1007,completed,1,True,2.4,23.4,,False,exfil+tamper+bruteforce,,,True,,A,0.097,18.603,1.165,3.598,4.598
scenario,app-compromise,1008,completed,1,True,1.02,22.7,,False,exfil+tamper+bruteforce,,,True,,D,0.478,18.988,1.547,3.979,4.98
scenario,app-compromise,1009,completed,1,True,0.04,21.2,,False,exfil+tamper+bruteforce,,,True,,B,0.462,18.472,1.036,3.463,4.464
scenario,app-compromise,1010,completed,1,True,1.6,23.3,,False,exfil+tamper+bruteforce,,,True,,B,0.396,18.905,1.456,3.897,4.897
scenario,app-compromise,1011,completed,1,True,0.76,22.2,,False,exfil+tamper+bruteforce,,,True,,C,0.237,18.752,1.304,3.738,4.247
scenario,app-compromise,1012,completed,1,True,0.48,21.4,,False,exfil+tamper+bruteforce,,,True,,C,0.023,18.034,0.589,3.024,4.024
scenario,app-compromise,1013,completed,1,True,2.3,23.7,,False,exfil+tamper+bruteforce,,,True,,D,0.202,18.712,1.264,3.703,4.704
scenario,app-compromise,1014,completed,1,True,0.72,22.4,,False,exfil+tamper+bruteforce,,,True,,A,0.28,18.79,1.342,3.782,4.782
scenario,app-compromise,1015,completed,1,True,2.29,23.2,,False,exfil+tamper+bruteforce,,,True,,A,0.211,18.221,1.274,3.713,4.224
scenario,app-compromise,1016,completed,1,True,2.19,22.9,,False,exfil+tamper+bruteforce,,,True,,C,0.31,18.316,0.875,3.311,4.311
scenario,app-compromise,1017,completed,1,True,2.72,23.9,,False,exfil+tamper+bruteforce,,,True,,D,0.274,18.283,1.337,3.775,4.287
scenario,app-compromise,1018,completed,1,True,1.93,22.9,,False,exfil+tamper+bruteforce,,,True,,D,0.073,18.58,1.136,3.574,4.082
scenario,app-compromise,1019,completed,1,True,1.0,21.7,,False,exfil+tamper+bruteforce,,,True,,A,0.002,18.509,1.076,3.503,4.504
scenario,single-signal,1100,completed,1,True,2.12,23.3,,False,exfil,,,True,,A,0.374,18.389,1.417,3.876,4.876
scenario,single-signal,1101,completed,1,True,2.45,23.9,,False,tamper,,,True,,C,0.048,18.582,1.081,3.549,4.57
scenario,single-signal,1102,completed,1,True,0.4,22.8,,False,bruteforce,,,True,,C,0.603,19.612,2.105,4.604,5.605
scenario,single-signal,1103,completed,1,True,1.97,23.9,,False,bruteforce,,,True,,D,1.025,19.532,2.063,4.527,5.036
scenario,single-signal,1104,completed,1,True,0.9,21.8,,False,tamper,,,True,,C,0.101,18.608,1.136,3.602,4.602
scenario,single-signal,1105,completed,1,True,0.26,22.7,,False,bruteforce,,,True,,A,0.735,19.746,2.246,4.737,5.737
scenario,single-signal,1106,completed,1,True,1.22,22.9,,False,exfil,,,True,,D,0.274,18.784,1.316,3.775,4.775
scenario,single-signal,1107,completed,1,True,1.26,23.2,,False,bruteforce,,,True,,B,0.734,19.743,2.277,4.737,5.737
scenario,single-signal,1108,completed,1,True,2.27,24.8,,False,bruteforce,,,True,,B,0.724,19.733,2.243,4.725,5.725
scenario,single-signal,1109,completed,1,True,0.24,21.9,,False,tamper,,,True,,D,0.26,18.771,1.298,3.762,4.762
scenario,single-signal,1110,completed,1,True,0.62,22.3,,False,bruteforce,,,True,,D,0.882,19.389,1.916,4.383,5.384
scenario,single-signal,1111,completed,1,True,0.59,22.3,,False,bruteforce,,,True,,B,0.906,19.413,1.939,4.407,5.407
scenario,single-signal,1112,completed,1,True,0.22,21.9,,False,bruteforce,,,True,,C,0.781,18.791,2.29,4.782,5.29
scenario,single-signal,1113,completed,1,True,0.18,20.9,,False,exfil,,,True,,A,0.315,18.322,0.874,3.316,4.317
scenario,single-signal,1114,completed,1,True,1.36,23.3,,False,bruteforce,,,True,,C,0.642,19.152,2.148,4.643,5.644
scenario,single-signal,1115,completed,1,True,0.95,21.9,,False,exfil,,,True,,C,0.05,18.556,1.095,3.551,4.551
scenario,single-signal,1116,completed,1,True,0.92,22.8,,False,bruteforce,,,True,,D,0.578,19.584,2.113,4.579,5.58
scenario,single-signal,1117,completed,1,True,1.61,23.3,,False,bruteforce,,,True,,D,0.889,19.395,1.927,4.39,5.39
scenario,single-signal,1118,completed,1,True,2.69,24.4,,False,bruteforce,,,True,,B,0.807,19.315,1.842,4.308,5.308
scenario,single-signal,1119,completed,1,True,1.67,22.4,,False,exfil,,,True,,A,0.324,18.331,1.372,3.826,4.335
scenario,slow-burn,1200,completed,1,True,1.85,28.3,AC,False,,9.8,4.3,True,0.149,C,0.146,23.663,7.194,9.649,10.163
scenario,slow-burn,1201,completed,1,True,0.55,26.2,BD,False,,9.4,3.2,True,0.203,B,0.446,22.957,6.457,8.948,9.458
scenario,slow-burn,1202,completed,1,True,2.91,28.3,DC,False,,10.23,3.3,True,0.329,C,0.087,22.597,6.095,8.588,9.096
scenario,slow-burn,1203,completed,1,True,1.08,30.8,CB,True,,9.47,6.6,True,0.291,B,0.414,26.929,10.45,12.918,13.427
scenario,slow-burn,1204,completed,1,True,1.93,34.9,CA,True,,9.37,7.3,True,0.274,D,0.069,30.58,14.081,16.086,17.075
scenario,slow-burn,1205,completed,1,True,2.28,27.3,DC,False,,9.75,3.2,True,0.215,D,0.216,22.323,6.264,8.317,9.256
scenario,slow-burn,1206,completed,1,True,2.34,27.8,CB,False,,10.13,3.1,True,0.114,C,0.158,22.67,6.196,8.661,9.168
scenario,slow-burn,1207,completed,1,True,0.18,29.4,CA,False,,8.69,5.1,True,0.242,A,1.314,26.329,9.866,12.318,12.829
scenario,slow-burn,1208,completed,1,True,0.2,31.4,DB,True,,9.28,7.7,True,0.336,A,0.297,28.312,11.836,14.301,14.81
scenario,slow-burn,1209,completed,1,True,0.92,30.9,DB,False,,8.75,4.9,True,0.11,A,2.576,27.09,10.583,12.593,13.584
scenario,slow-burn,1210,completed,1,True,1.51,42.3,AD,True,,9.36,6.8,True,0.118,A,0.493,38.013,21.519,24.001,24.513
scenario,slow-burn,1211,completed,1,True,2.79,35.7,DB,True,,9.66,6.5,True,0.181,C,0.205,30.22,13.75,16.21,16.721
scenario,slow-burn,1212,completed,1,True,2.58,31.2,DA,False,,9.99,5.7,True,0.228,C,0.418,25.934,9.458,11.922,12.432
scenario,slow-burn,1213,completed,1,True,1.63,27.3,CD,False,,9.65,3.8,True,0.148,D,0.366,23.374,6.404,8.868,9.869
scenario,slow-burn,1214,completed,1,True,1.95,34.4,AB,True,,9.81,6.2,True,0.196,C,0.048,29.566,13.059,15.554,16.064
scenario,slow-burn,1215,completed,1,True,2.05,35.7,DA,True,,9.14,7.4,True,0.277,D,0.449,30.965,14.462,16.956,17.463
scenario,slow-burn,1216,completed,1,True,0.15,25.8,AB,False,,9.62,4.0,True,0.113,A,0.349,22.863,6.384,8.853,9.362
scenario,slow-burn,1217,completed,1,True,2.95,31.9,BC,False,,8.89,5.5,True,0.21,A,0.546,26.059,9.583,12.049,12.558
scenario,slow-burn,1218,completed,1,True,0.33,27.3,AB,False,,8.64,4.0,True,0.264,B,1.669,24.184,7.708,10.172,10.684
scenario,slow-burn,1219,completed,1,True,0.64,31.8,CD,True,,8.68,6.0,True,0.304,D,1.36,28.374,11.872,14.365,14.873
scenario,validation-retry,1300,completed,2,True,0.85,32.3,,False,exfil+tamper+bruteforce,,,True,,C,0.149,28.666,1.209,3.65,15.154
scenario,validation-retry,1301,completed,2,True,1.49,32.7,,False,exfil+tamper+bruteforce,,,True,,D,0.004,29.015,0.569,3.005,14.509
scenario,validation-retry,1302,completed,2,True,0.37,31.8,,False,exfil+tamper+bruteforce,,,True,,D,0.124,28.639,1.19,3.626,14.64
scenario,validation-retry,1303,completed,2,True,0.85,32.8,,False,exfil+tamper+bruteforce,,,True,,C,0.148,29.163,1.212,3.65,15.154
scenario,validation-retry,1304,completed,2,True,0.83,32.3,,False,exfil+tamper+bruteforce,,,True,,D,0.164,29.176,0.738,3.165,14.67
scenario,validation-retry,1305,completed,2,True,1.41,32.9,,False,exfil+tamper+bruteforce,,,True,,B,0.089,28.602,1.155,3.59,15.095
scenario,validation-retry,1306,completed,2,True,1.66,33.3,,False,exfil+tamper+bruteforce,,,True,,D,0.338,29.348,1.397,3.839,15.343
scenario,validation-retry,1307,completed,2,True,2.09,33.3,,False,exfil+tamper+bruteforce,,,True,,B,0.412,28.432,1.485,3.914,14.932
scenario,validation-retry,1308,completed,2,True,1.75,33.2,,False,exfil+tamper+bruteforce,,,True,,D,0.248,28.763,0.808,3.249,14.753
scenario,validation-retry,1309,completed,2,True,1.48,32.4,,False,exfil+tamper+bruteforce,,,True,,D,0.023,28.043,1.082,3.524,14.539
scenario,validation-retry,1310,completed,2,True,1.73,33.9,,False,exfil+tamper+bruteforce,,,True,,B,0.269,29.284,1.33,3.77,15.275
scenario,validation-retry,1311,completed,2,True,0.97,32.4,,False,exfil+tamper+bruteforce,,,True,,B,0.033,29.044,1.093,3.534,15.038
scenario,validation-retry,1312,completed,2,True,2.97,34.9,,False,exfil+tamper+bruteforce,,,True,,C,0.029,29.576,1.096,3.53,15.57
scenario,validation-retry,1313,completed,2,True,0.63,32.3,,False,exfil+tamper+bruteforce,,,True,,D,0.37,28.884,0.95,3.371,14.876
scenario,validation-retry,1314,completed,2,True,0.15,31.8,,False,exfil+tamper+bruteforce,,,True,,D,0.352,29.363,1.42,3.853,15.358
scenario,validation-retry,1315,completed,2,True,0.76,32.7,,False,exfil+tamper+bruteforce,,,True,,D,0.237,29.251,1.306,3.738,15.242
scenario,validation-retry,1316,completed,2,True,2.68,34.9,,False,exfil+tamper+bruteforce,,,True,,B,0.322,29.337,1.389,3.823,15.328
scenario,validation-retry,1317,completed,2,True,0.96,31.9,,False,exfil+tamper+bruteforce,,,True,,C,0.042,28.553,0.597,3.043,14.548
scenario,validation-retry,1318,completed,2,True,2.93,34.4,,False,exfil+tamper+bruteforce,,,True,,C,0.073,29.085,1.141,3.574,15.079
scenario,validation-retry,1319,completed,2,True,0.86,32.8,,False,exfil+tamper+bruteforce,,,True,,D,0.139,29.154,1.199,3.64,15.145
