exp,variant,seed,outcome,elapsed_s,false_isolation,final_mean_trust,liar,min_trust,t_back_above_50_s,t_excluded_s,t_suspect_s,victim
trust,lying-agent,2000,completed,125.2,False,35.18,D,0.0,,24.53,22.53,A
trust,lying-agent,2001,completed,125.2,False,35.26,A,0.0,,24.53,22.53,C
trust,lying-agent,2002,completed,125.2,False,35.26,A,0.0,,24.53,22.53,D
trust,lying-agent,2003,completed,125.2,False,35.26,A,0.0,,24.53,22.53,D
trust,lying-agent,2004,completed,125.2,False,35.26,A,0.0,,24.53,22.53,D
trust,lying-agent,2005,completed,125.2,False,35.09,D,0.0,,24.53,22.53,A
trust,lying-agent,2006,completed,125.2,False,35.26,D,0.0,,24.53,22.53,A
trust,lying-agent,2007,completed,125.2,False,35.26,B,0.0,,24.03,22.03,D
trust,lying-agent,2008,completed,125.2,False,35.26,B,0.0,,24.53,22.53,D
trust,lying-agent,2009,completed,125.2,False,35.18,C,0.0,,25.03,23.03,D
trust,lying-agent,2010,completed,125.2,False,35.28,B,0.0,,24.02,22.02,C
trust,lying-agent,2011,completed,125.2,False,35.18,B,0.0,,24.05,17.54,C
trust,lying-agent,2012,completed,125.2,False,35.26,A,0.0,,25.04,23.03,C
trust,lying-agent,2013,completed,125.2,False,35.26,D,0.0,,24.03,22.03,A
trust,lying-agent,2014,completed,125.2,False,35.26,C,0.0,,24.53,22.53,D
trust,lying-agent,2015,completed,125.2,False,35.18,A,0.0,,24.53,22.53,D
trust,lying-agent,2016,completed,125.2,False,35.01,D,0.0,,24.53,22.53,C
trust,lying-agent,2017,completed,125.2,False,35.26,B,0.0,,25.03,23.02,C
trust,lying-agent,2018,completed,125.2,False,35.15,B,0.0,,24.53,22.53,A
trust,lying-agent,2019,completed,125.2,False,35.3,B,0.0,,24.53,22.53,A
